"Full Name","Mobile Phone","Gender","Date of Birth","Email Address","Address","Emergency Contact Name","Contact Phone","Relation","Temporary Password"
"Aaron Baker","0712345678","Male","01/15/1985","aaron.b@mail.com","123 Maple St, Anytown, CA","Jane Baker","0798765432","Spouse","P@tient1"
"Betty Clark","0723456789","Female","05/20/1992","b.clark@mail.com","45 Pine Ave, Smallville, TX","Tom Clark","0787654321","Father","P@tient2"
"Charles Davis","0734567890","Male","11/03/1976","c.davis@mail.com","78 Oak Rd, Cityland, NY","Maria Davis","0776543210","Mother","P@tient3"
"Diana Evans","0745678901","Female","08/29/2001","diana.e@mail.com","10 Willow Ln, Townville, FL","David Evans","0765432109","Brother","P@tient4"
"Ethan Foster","0756789012","Male","03/10/1965","e.foster@mail.com","32 Birch Ct, Village, WA","Sarah Foster","0754321098","Daughter","P@tient5"
"Fiona Green","0767890123","Female","07/19/1988","fiona.g@mail.com","99 Cedar Pkwy, Metro, IL","Alex Green","0743210987","Friend","P@tient6"
"George Harris","0778901234","Male","12/05/1995","g.harris@mail.com","21 Elm Dr, Suburb, CO","Ben Harris","0732109876","Sister","P@tient7"
"Hannah Ivy","0789012345","Female","02/14/1970","hannah.i@mail.com","55 Poplar Way, Capital, GA","Michael Ivy","0721098765","Husband","P@tient8"
"Ian Jones","0700123456","Male","06/25/1980","i.jones@mail.com","14 Cherry St, Lakeside, NC","Olivia Jones","0710987654","Aunt","P@tient9"
"Jasmine King","0711234567","Female","09/08/1998","j.king@mail.com","83 Walnut Cir, Hilltop, AZ","Kevin King","0709876543","Uncle","P@tient10"
"Kyle Lee","0722345678","Male","04/17/1972","kyle.l@mail.com","40 Spruce Blvd, Desert, NV","Lisa Lee","0797865432","Cousin","P@tient11"
"Laura Miller","0733456789","Female","10/30/1983","l.miller@mail.com","66 Hemlock Rd, Mountain, UT","Peter Miller","0786754321","Grandfather","P@tient12"
"Mark Nelson","0744567890","Male","01/22/1990","m.nelson@mail.com","11 Ash Ct, Valley, OR","Nancy Nelson","0775643210","Grandmother","P@tient13"
"Nicole Owen","0755678901","Female","05/12/1968","n.owen@mail.com","24 Fir Ave, Coast, SC","Robert Owen","0764532109","Son","P@tient14"
"Oscar Perez","0766789012","Male","11/01/2005","o.perez@mail.com","80 Bay Ln, River, MD","Sonia Perez","0753421098","Guardian","P@tient15"
"Pamela Quinn","0777890123","Female","03/27/1979","p.quinn@mail.com","33 Sycamore St, Port, MA","Richard Quinn","0742310987","Partner","P@tient16"
"Quentin Reed","0788901234","Male","07/04/1994","q.reed@mail.com","17 Poplar Rd, Field, PA","Sue Reed","0731209876","Mother","P@tient17"
"Rachel Scott","0709012345","Female","12/18/1987","r.scott@mail.com","92 Larch Ln, Glen, KS","Tim Scott","0720198765","Father","P@tient18"
"Steven Taylor","0710123456","Male","04/09/1960","s.taylor@mail.com","50 Boxwood Pl, Meadow, AR","Ursula Taylor","0719087654","Spouse","P@tient19"
"Tina Underwood","0721234567","Female","08/13/1996","t.u@mail.com","28 Cypress Dr, Summit, MI","Vincent Underwood","0708976543","Brother","P@tient20"